{
    "DMK": [0.5, 0.2, 0.7, 0.6],
    "INC": [0.0, 0.753, 1.0,1],
    "INC(I)": [0.0, 0.753, 1.0,1],
    "INC(U)": [0.0, 0.2, 0.8, 0.8],
    "JNP(S)": [0.502, 0.0, 0.502, 0.8],
    "JNP": [1.0, 0.498, 0.314, 1],
    "JP": [0.7, 0.498, 0.114, 1],
    "YSRCP":[
        0.4,
        0.4,
        1.0,
        1  
    ],
    "PMK": [
        0.5843137254901961,
        0.5647058823529412,
        0.1411764705882353,
        1
    ],
    "MAMAK": [
        0.0,
        0.5019607843137255,
        0.0,
        1
    ],
    "IND": [
        0,
        0,
        0,
        0.2
    ],
    "NOTA": [
        0,
        0,
        0,
        0.5
    ],
    "OTHER": [
        0.9411764705882353,
        0.9215686274509803,
        0.8431372549019608,
        1
    ],
    "VCK": [
        0.5294117647058824,
        0.027450980392156862,
        0.3137254901960784,
        1
    ],
    "BJP": [
        0.9803921568627451,
        0.7098039215686275,
        0.0196078431372549,
        1
    ],
    "IUML": [
        0.0,
        1.0,
        0.0,
        1
    ],
    "MUL":[
        0,1,0,1
    ],
    "ADMK": [
        0.8862745098039215,
        0.8274509803921568,
        0.16862745098039217,
        1
    ],
    "ADK": [
        0.8862745098039215,
        0.8274509803921568,
        0.16862745098039217,
        1
    ],
    "PT": [
        0.7176470588235294,
        0.17254901960784313,
        0.4117647058823529,
        1
    ],
    "CPI": [
        1, 
        0.505, 
        0.505,
        1
    ],
    "NCP(SP)": [
        0.454,
        0.701,
        0.9,
        1
    ],
    "NCPSP": [
        0.454,
        0.701,
        0.9,
        1
    ],
    "SHS(UBT)":[1.0, 0.85, 0.2, 0.9],
    "SHSUBT": [1.0, 0.85, 0.2, 0.9],
    "NTK": [
        0.7764705882352941,
        0.16862745098039217,
        0.1607843137254902,
        1
    ],
    "HVP":[
        0.6764705882352941,
        0.16862745098039217,
        0.1607843137254902,
        0.8
    ],
    "AITC": [
        0.3,
        1,
        0.4,
        1
    ],
    "WBTC":[
        0.3,
        1,
        0.4,
        1
    ],
    "AIFB": [
        0.9372549019607843,
        0.3254901960784314,
        0.28627450980392155,
        1
    ],
    "GOJAM": [
        1,
        1,
        0,
        0.8
    ],
    "CPM": [
        1,
        0,
        0,
        1
    ],
    "CPI(M)(L)":[
        1, 
        0, 
        0,
        1
    ],
    "RSP": [
        0,
        0,
        1,
        1
    ],
    "JD(U)":[1.0, 0.6, 0.5, 1],
    "LJP(RV)":[0.8, 0.4, 0.0, 0.9],
    "LJPRV":[0.8, 0.4, 0.0, 0.9],
    "JMM":[0.0, 0.7, 0.5, 0.5],
    "JKN": [0.0,0.7,0.5,0.5],
    "RJD": [
        0.133,
        0.545,
        0.133,
        0.7
    ],
    "NCP": [
        0.505,
        0.505,
        1,
        1
    ],
    "DSP(P)": [
        0.8588235294117647,
        0.19215686274509805,
        0.9215686274509803,
        1
    ],
    "JKP(N)": [
        0.4980392156862745,
        0.9215686274509803,
        0.19215686274509805,
        1
    ],
    "CPIM": [
        1,
        0,
        0,
        1
    ],
    "CPI(M)": [
        1,
        0,
        0,
        1
    ],
    "CMPKSC": [
        1.0,
        0.0,
        0.0,
        1
    ],
    "JD(S)": [
        0.20392156862745098,
        0.788235294117647,
        0.4470588235294118,
        1
    ],
    "JD": [
        0.20392156862745098,
        0.788235294117647,
        0.4470588235294118,
        1
    ],
    "KEC(J)": [
        0.6784313725490196,
        0.058823529411764705,
        0.7058823529411765,
        1
    ],
    "C(S)": [
        0.0,
        0.0,
        1.0,
        1
    ],
    "KEC(B)": [
        0.26666666666666666,
        0.7019607843137254,
        0.8784313725490196,
        1
    ],
    "KEC(M)": [
        1,
        1,
        0,
        0.5
    ],
    "NSC": [
        0.6470588235294118,
        0.16470588235294117,
        0.16470588235294117,
        1
    ],
    "INL": [
        0,
        0.3,
        0,
        1
    ],
    "KCST": [
        0,
        0,
        0,
        1
    ],
    "BOPF": [
        0.945,
        1,
        0.0509,
        1
    ],
    "AGP": [
        0.2,
        0.5,
        0.7,
        1
    ],
    "AIUDF": [
        0.0,
        1.0,
        0.0,
        1
    ],
    "BGANP": [
        0.7490,
        0.2745,
        0,
        1
    ],
    "AINRC": [
        0.945,
        1,
        0.0509,
        1
    ],
    "AJSU":[
        1,
        0.2,
        1,
        1
    ],
    "MNM":[
        0.603,
        0,
        0.027,
        1
    ],
    "TMC(M)": [
        0.945,
        0.8,
        0.66,
        1
    ],
    "DMDK": [
        1,
        1,
        0,
        1
    ],
    "UPPL": [
        1,
        0.5,
        0,
        0.5
    ],
    "JKC":[
        0.988,
        0.384,
        0.85,
        1
    ],
    "KEC":[
        0.8431372549019608,
        0.6274509803921569,
        0.596078431372549,
        1
    ],
    "LJP":[0.9019607843137255, 0.9411764705882353, 0.47058823529411764,1],
    "RMPOI":[
        0.9254901960784314,
        0.19215686274509805,
        0.6588235294117647,
        1
    ],
    "RSMP":[
        0,
        0.38,
        0,
        1
    ],
    "AJP":[
        0.41568627450980394,
        0.5294117647058824,
        0.9764705882352941,
        1
    ],
    "TDP":[
        1,
        1,
        0,
        1
    ],
    "JDL":[
        1,
        1,
        0,
        1
    ],
    "CPI(ML)(L)":[1,0,0,1],
    "JNC":[
        0.6, 0.7, 0.3, 0.8
    ],
    "JnP":[
        1, 
        0.505, 
        0.505,
        1
    ],
    "JSP":[
        1, 
        0.505, 
        0.505,
        1
    ],
    "TRS":[
        0.9725490196078431,
        0.2784313725490196,
        0.592156862745098,
        1
    ],
    "PWP":[
        0.9725490196078431,
        0.2784313725490196,
        0.592156862745098,
        0.8
    ],
    "BHRS":[
        0.9725490196078431,
        0.2784313725490196,
        0.592156862745098,
        1
    ],
    "AIMIM":[
        0,
        1,
        0,
        1
    ],
    "JKPDP":[
        0,
        0.4,
        0,
        1
    ],
    "JKPC":[0.255, 0.412, 0.882, 1],
    "MIM":[
        0,
        1,
        0,
        1
    ],
    "KPJP":[
        0,
        1,
        0,
        1
    ],
    "BSP":[
        0,
        0,
        1,
        0.5
    ],
    "SHS":[
        0.9686274509803922,
        0.5843137254901961,
        0.0,
        1
    ],
    "PJP":[
        0.9686274509803922,
        0.5058823529411764,
        0.6235294117647059,
        1
    ],
    "BJD":[
         0.6588235294117647, 0.3176470588235294, 0.4470588235294118,
        1
    ],
    "SKM":[
         0.6588235294117647, 0.3176470588235294, 0.4470588235294118,
        0.7
    ],
    "AAAP":[
        0.05882,
        0.12549,
        0.2902,
        0.4
    ],
    "SAD":[
        0.98823, 0.83922, 0.43922,1
    ],
    "SAD(M)":[
        0.98823, 0.83922, 0.43922,0.7
    ],
    "SAD(B)":[
        0.98823, 0.83922, 0.43922,1
    ],
    "LIP":[
        0.9725490196078431,
        0.2784313725490196,
        0.592156862745098,
        1
    ],
    "ADAL":[
        0.9725490196078431,
        0.2784313725490196,
        0.592156862745098,
        1
    ],
    "SAP":[
        0.9725490196078431,
        0.2784313725490196,
        0.592156862745098,
        1
    ],
    "SP":[0.427, 1.0, 0.812,1],
    "PRAP":[0.427, 1.0, 0.812,1],
    "JASPA":[0.427, 1.0, 0.812,1],
    "SBSP":[1, 0.505, 0.505,1],
    "RLD":[0.0, 0.392, 0.0,0.5],
    "PECP":[0.145, 0.694, 0.306,1],
    "PRP":[0.427, 1.0, 0.812,1],
    
    "BLD":[0.427, 1.0, 0.812,1],
    "LSP":[
        0.7372549019607844,
        0.8352941176470589,
        0.9568627450980393,
        1],
    "NOT STARTED":[1,1,0.95,1],
    "MHG":[
        0.8862745098039215,
        0.8274509803921568,
        0.16862745098039217,
        1
    ],