{"West Bengal":[[21.483898168751203,85.82035284765483],[27.220677044804543,89.87993805397979]],"Telangana":[[15.836907126696788,77.23646189566945],[19.91556792158849,81.32434530995017]],"Andhra Pradesh":[[12.62506005546535,76.76003455467045],[19.163489574966167,84.7647423830128]],"TELANGANA":[[14.182340300220595,79.99867505357027],[16.09090393167347,81.13921122378848]],"Arunachal Pradesh":[[26.651020267980062,91.54836394127483],[29.46172584871473,97.16356689401569]],"ARUNACHAL PRADESH":[[27.030696441826436,91.8204949902414],[28.548781910459,97.41149825988272]],"Assam":[[24.13610801260589,89.69880775814107],[27.971394084942954,96.0167738931649]],"Bihar":[[24.286699992724436,83.32331903875786],[27.521222484347707,88.29251394575994]],"Chhattisgarh":[[17.782351247432572,80.24434856056453],[24.10304947605505,84.39611739373574]],"NCT of Delhi":[[28.405485128895158,76.83874748030064],[28.883255554841956,77.34329259993565]],"Goa":[[14.900641737491885,73.67538204994709],[15.801095636682202,74.33599926959077]],"GOA":[[15.491994058111711,73.80594905844154],[15.5487545802737,73.9193803750063]],"GUJARAT":[[21.07619563938925,68.09381543863502],[24.686307128880877,72.78953868597478]],"Gujarat":[[20.120735870386245,68.48481497240786],[24.712345135766682,74.47522367575323]],"Haryana":[[27.652570396985062,74.47384312057007],[30.929156803130837,77.60357064283298]],"Himachal Pradesh":[[30.377302097828455,75.59622115975843],[33.25663613777422,79.01040788475704]],"Karnataka":[[11.595112988750664,74.08568785870094],[18.477839459108285,78.58699371295194]],"KARNATAKA":[[12.915735759679407,77.62547031900492],[12.954960205366408,77.66298779748277]],"Kerala":[[8.29248867799782,74.8680129051003],[12.791918574499503,77.41138934064098]],"Maharashtra":[[15.607634598689042,72.65489899625655],[22.03024027323659,80.89818062789915]],"MAHARASHTRA":[[18.77569608497355,72.74005115274278],[19.572291990015152,73.04142830656309]],"Manipur":[[23.833426915665832,92.97150543402742],[25.69179774113209,94.74467192709523]],"Meghalaya":[[25.03014069076928,89.81402038899847],[26.115950144361733,92.80168263242022]],"Mizoram":[[21.94136272323474,92.26029200198771],[24.521179819531024,93.43552393637512]],"Madhya Pradesh":[[21.071115827850388,74.02964307934074],[26.869434677312157,82.81162384419589]],"Nagaland":[[25.199105423605772,93.33031742926173],[27.031714298026554,95.23391967887606]],"Odisha":[[17.814289697173464,81.38845880839634],[22.567547964570128,87.4858974264053]],"Puducherry":[[10.827444928275833,75.52663646488783],[16.75861978358426,82.3136211413004]],"Punjab":[[29.548971578295813,73.87981696460426],[32.51014645776055,76.94155330000434]],"Rajasthan":[[23.058585810820883,69.48481282100317],[30.198263974495624,78.27170736327595]],"SIKKIM":[[27.135409169474233,88.0142814630268],[28.124453760424373,88.91910314054462]],"Sikkim":[[27.08067457184997,88.06022892976019],[27.757919281584485,88.79659595961145]],"Tamil Nadu":[[8.07664466982547,76.23399311320587],[13.564496251039769,80.34642271504573]],"Tripura":[[22.944948087602853,91.14863890226405],[24.528151215535903,92.33615348715819]],"Uttar Pradesh":[[23.87038668050128,77.09360358768876],[30.40455237809821,84.63463248135241]],"Uttarakhand":[[28.72247640227554,77.57543662804652],[31.467098088287315,81.04124833676583]],"Jharkhand":[[21.974279606936744,83.32978148747075],[25.340571466081695,87.9623929881619]],"JAMMU & KASHMIR":[[32.775244884766444,73.41057801706604],[35.11830988203286,74.5870189246141]],"Jammu & Kashmir":[[32.277011768621854,73.74983636929363],[34.924799096313514,76.77882729196843]],"Jammu and Kashmir":[[32.72138972395688,74.544784115065],[34.11795793153763,75.16702186446422]]}